<?xml version="1.0" encoding="UTF-8"?>
<GenRun Id="impl_1" LaunchPart="xc7a200tsbg484-1" LaunchTime="1746007807">
  <File Type="PA-TCL" Name="Lab4.tcl"/>
  <File Type="REPORTS-TCL" Name="Lab4_reports.tcl"/>
  <File Type="INIT-TIMING" Name="Lab4_timing_summary_init.rpt"/>
  <File Type="OPT-DCP" Name="Lab4_opt.dcp"/>
  <File Type="OPT-DRC" Name="Lab4_drc_opted.rpt"/>
  <File Type="OPT-METHODOLOGY-DRC" Name="Lab4_methodology_drc_opted.rpt"/>
  <File Type="OPT-HWDEF" Name="Lab4.hwdef"/>
  <File Type="OPT-TIMING" Name="Lab4_timing_summary_opted.rpt"/>
  <File Type="OPT-RQA-PB" Name="Lab4_rqa_opted.pb"/>
  <File Type="PWROPT-DCP" Name="Lab4_pwropt.dcp"/>
  <File Type="PWROPT-DRC" Name="Lab4_drc_pwropted.rpt"/>
  <File Type="PWROPT-TIMING" Name="Lab4_timing_summary_pwropted.rpt"/>
  <File Type="PLACE-DCP" Name="Lab4_placed.dcp"/>
  <File Type="PLACE-IO" Name="Lab4_io_placed.rpt"/>
  <File Type="PLACE-CLK" Name="Lab4_clock_utilization_placed.rpt"/>
  <File Type="PLACE-UTIL" Name="Lab4_utilization_placed.rpt"/>
  <File Type="PLACE-UTIL-PB" Name="Lab4_utilization_placed.pb"/>
  <File Type="PLACE-CTRL" Name="Lab4_control_sets_placed.rpt"/>
  <File Type="PLACE-SIMILARITY" Name="Lab4_incremental_reuse_placed.rpt"/>
  <File Type="PLACE-PRE-SIMILARITY" Name="Lab4_incremental_reuse_pre_placed.rpt"/>
  <File Type="PLACE-TIMING" Name="Lab4_timing_summary_placed.rpt"/>
  <File Type="PLACE-RQA-PB" Name="Lab4_rqa_placed.pb"/>
  <File Type="POSTPLACE-PWROPT-DCP" Name="Lab4_postplace_pwropt.dcp"/>
  <File Type="POSTPLACE-PWROPT-TIMING" Name="Lab4_timing_summary_postplace_pwropted.rpt"/>
  <File Type="PHYSOPT-DCP" Name="Lab4_physopt.dcp"/>
  <File Type="PHYSOPT-DRC" Name="Lab4_drc_physopted.rpt"/>
  <File Type="PHYSOPT-TIMING" Name="Lab4_timing_summary_physopted.rpt"/>
  <File Type="ROUTE-ERROR-DCP" Name="Lab4_routed_error.dcp"/>
  <File Type="ROUTE-DCP" Name="Lab4_routed.dcp"/>
  <File Type="ROUTE-BLACKBOX-DCP" Name="Lab4_routed_bb.dcp"/>
  <File Type="ROUTE-DRC" Name="Lab4_drc_routed.rpt"/>
  <File Type="ROUTE-DRC-PB" Name="Lab4_drc_routed.pb"/>
  <File Type="ROUTE-DRC-RPX" Name="Lab4_drc_routed.rpx"/>
  <File Type="ROUTE-METHODOLOGY-DRC" Name="Lab4_methodology_drc_routed.rpt"/>
  <File Type="ROUTE-METHODOLOGY-DRC-RPX" Name="Lab4_methodology_drc_routed.rpx"/>
  <File Type="ROUTE-METHODOLOGY-DRC-PB" Name="Lab4_methodology_drc_routed.pb"/>
  <File Type="ROUTE-PWR" Name="Lab4_power_routed.rpt"/>
  <File Type="ROUTE-PWR-SUM" Name="Lab4_power_summary_routed.pb"/>
  <File Type="ROUTE-PWR-RPX" Name="Lab4_power_routed.rpx"/>
  <File Type="ROUTE-STATUS" Name="Lab4_route_status.rpt"/>
  <File Type="ROUTE-STATUS-PB" Name="Lab4_route_status.pb"/>
  <File Type="ROUTE-TIMINGSUMMARY" Name="Lab4_timing_summary_routed.rpt"/>
  <File Type="ROUTE-TIMING-PB" Name="Lab4_timing_summary_routed.pb"/>
  <File Type="ROUTE-TIMING-RPX" Name="Lab4_timing_summary_routed.rpx"/>
  <File Type="ROUTE-SIMILARITY" Name="Lab4_incremental_reuse_routed.rpt"/>
  <File Type="ROUTE-CLK" Name="Lab4_clock_utilization_routed.rpt"/>
  <File Type="ROUTE-BUS-SKEW" Name="Lab4_bus_skew_routed.rpt"/>
  <File Type="ROUTE-BUS-SKEW-PB" Name="Lab4_bus_skew_routed.pb"/>
  <File Type="ROUTE-BUS-SKEW-RPX" Name="Lab4_bus_skew_routed.rpx"/>
  <File Type="ROUTE-RQS-PB" Name="Lab4_rqs_routed.pb"/>
  <File Type="POSTROUTE-PHYSOPT-DCP" Name="Lab4_postroute_physopt.dcp"/>
  <File Type="POSTROUTE-PHYSOPT-BLACKBOX-DCP" Name="Lab4_postroute_physopt_bb.dcp"/>
  <File Type="POSTROUTE-PHYSOPT-TIMING" Name="Lab4_timing_summary_postroute_physopted.rpt"/>
  <File Type="POSTROUTE-PHYSOPT-TIMING-PB" Name="Lab4_timing_summary_postroute_physopted.pb"/>
  <File Type="POSTROUTE-PHYSOPT-TIMING-RPX" Name="Lab4_timing_summary_postroute_physopted.rpx"/>
  <File Type="POSTROUTE-PHYSOPT-BUS-SKEW" Name="Lab4_bus_skew_postroute_physopted.rpt"/>
  <File Type="POSTROUTE-PHYSOPT-BUS-SKEW-PB" Name="Lab4_bus_skew_postroute_physopted.pb"/>
  <File Type="POSTROUTE-PHYSOPT-BUS-SKEW-RPX" Name="Lab4_bus_skew_postroute_physopted.rpx"/>
  <File Type="BG-BIT" Name="Lab4.bit"/>
  <File Type="BG-BIN" Name="Lab4.bin"/>
  <File Type="BITSTR-MSK" Name="Lab4.msk"/>
  <File Type="BITSTR-RBT" Name="Lab4.rbt"/>
  <File Type="BITSTR-NKY" Name="Lab4.nky"/>
  <File Type="BITSTR-BMM" Name="Lab4_bd.bmm"/>
  <File Type="BITSTR-MMI" Name="Lab4.mmi"/>
  <File Type="PDI-FILE" Name="Lab4.pdi"/>
  <File Type="BOOT-PDI-FILE" Name="Lab4_boot.pdi"/>
  <File Type="PL-PDI-FILE" Name="Lab4_pld.pdi"/>
  <File Type="RCFI_FILE" Name="Lab4.rcfi"/>
  <File Type="CFI_FILE" Name="Lab4.cfi"/>
  <File Type="RNPI_FILE" Name="Lab4.rnpi"/>
  <File Type="NPI_FILE" Name="Lab4.npi"/>
  <File Type="RBD_FILE" Name="Lab4.rbd"/>
  <File Type="BITSTR-LTX" Name="debug_nets.ltx"/>
  <File Type="BITSTR-LTX" Name="Lab4.ltx"/>
  <File Type="BITSTR-SYSDEF" Name="Lab4.sysdef"/>
  <File Type="BG-BGN" Name="Lab4.bgn"/>
  <File Type="BG-DRC" Name="Lab4.drc"/>
  <File Type="RDI-RDI" Name="Lab4.vdi"/>
  <File Type="WBT-USG" Name="usage_statistics_webtalk.html"/>
  <File Type="ROUTE-RQS" Name="Lab4_routed.rqs"/>
  <File Type="POSTROUTE-PHYSOPT-RQS" Name="Lab4_postroute_physopted.rqs"/>
  <File Type="ROUTE-RQS-RPT" Name="route_report_qor_suggestions_0.rpt"/>
  <File Type="POSTROUTE-PHYSOPT-RQS-RPT" Name="postroute_physopt_report_qor_suggestions_0.rpt"/>
  <FileSet Name="sources" Type="DesignSrcs" RelSrcDir="$PSRCDIR/sources_1" RelGenDir="$PGENDIR/sources_1">
    <Filter Type="Srcs"/>
    <File Path="$PSRCDIR/sources_1/imports/ece383-lab4/Amplify.vhd">
      <FileInfo>
        <Attr Name="ImportPath" Val="$PPRDIR/Amplify.vhd"/>
        <Attr Name="ImportTime" Val="1744799279"/>
        <Attr Name="UsedIn" Val="synthesis"/>
        <Attr Name="UsedIn" Val="simulation"/>
      </FileInfo>
    </File>
    <File Path="$PSRCDIR/sources_1/imports/ece383-lab4/BaseAndNextReg.vhd">
      <FileInfo>
        <Attr Name="ImportPath" Val="$PPRDIR/BaseAndNextReg.vhd"/>
        <Attr Name="ImportTime" Val="1744799279"/>
        <Attr Name="UsedIn" Val="synthesis"/>
        <Attr Name="UsedIn" Val="simulation"/>
      </FileInfo>
    </File>
    <File Path="$PSRCDIR/sources_1/imports/ece383-lab4/IndexOffsetReg.vhd">
      <FileInfo>
        <Attr Name="ImportPath" Val="$PPRDIR/IndexOffsetReg.vhd"/>
        <Attr Name="ImportTime" Val="1744799279"/>
        <Attr Name="UsedIn" Val="synthesis"/>
        <Attr Name="UsedIn" Val="simulation"/>
      </FileInfo>
    </File>
    <File Path="$PSRCDIR/sources_1/imports/ece383-lab4/Interpolate.vhd">
      <FileInfo>
        <Attr Name="ImportPath" Val="$PPRDIR/Interpolate.vhd"/>
        <Attr Name="ImportTime" Val="1744799279"/>
        <Attr Name="UsedIn" Val="synthesis"/>
        <Attr Name="UsedIn" Val="simulation"/>
      </FileInfo>
    </File>
    <File Path="$PSRCDIR/sources_1/imports/ece383-lab4/Lab4_cu.vhd">
      <FileInfo>
        <Attr Name="ImportPath" Val="$PPRDIR/Lab4_cu.vhd"/>
        <Attr Name="ImportTime" Val="1744799279"/>
        <Attr Name="UsedIn" Val="synthesis"/>
        <Attr Name="UsedIn" Val="simulation"/>
      </FileInfo>
    </File>
    <File Path="$PSRCDIR/sources_1/imports/ece383-lab4/Lab4_dp.vhd">
      <FileInfo>
        <Attr Name="ImportPath" Val="$PPRDIR/Lab4_dp.vhd"/>
        <Attr Name="ImportTime" Val="1744799279"/>
        <Attr Name="UsedIn" Val="synthesis"/>
        <Attr Name="UsedIn" Val="simulation"/>
      </FileInfo>
    </File>
    <File Path="$PSRCDIR/sources_1/imports/ece383-lab4/LookupTable.vhd">
      <FileInfo>
        <Attr Name="ImportPath" Val="$PPRDIR/LookupTable.vhd"/>
        <Attr Name="ImportTime" Val="1744799279"/>
        <Attr Name="UsedIn" Val="synthesis"/>
        <Attr Name="UsedIn" Val="simulation"/>
      </FileInfo>
    </File>
    <File Path="$PSRCDIR/sources_1/imports/ece383-lab4/ResultReg.vhd">
      <FileInfo>
        <Attr Name="ImportPath" Val="$PPRDIR/ResultReg.vhd"/>
        <Attr Name="ImportTime" Val="1744799279"/>
        <Attr Name="UsedIn" Val="synthesis"/>
        <Attr Name="UsedIn" Val="simulation"/>
      </FileInfo>
    </File>
    <File Path="$PSRCDIR/sources_1/imports/ece383-lab4/Lab4.vhd">
      <FileInfo>
        <Attr Name="ImportPath" Val="$PPRDIR/Lab4.vhd"/>
        <Attr Name="ImportTime" Val="1744799279"/>
        <Attr Name="UsedIn" Val="synthesis"/>
        <Attr Name="UsedIn" Val="simulation"/>
      </FileInfo>
    </File>
    <File Path="$PSRCDIR/sources_1/imports/lab2_code_for_cadets/audio_init.v">
      <FileInfo>
        <Attr Name="ImportPath" Val="$PPRDIR/../Lab2/Lab2.srcs/sources_1/imports/383/lab2_code_for_cadets/lab2_code_for_cadets/audio_init.v"/>
        <Attr Name="ImportTime" Val="1739223462"/>
        <Attr Name="UsedIn" Val="synthesis"/>
        <Attr Name="UsedIn" Val="implementation"/>
        <Attr Name="UsedIn" Val="simulation"/>
      </FileInfo>
    </File>
    <File Path="$PSRCDIR/sources_1/imports/lab2_code_for_cadets/Audio_Codec_Wrapper.vhd">
      <FileInfo>
        <Attr Name="ImportPath" Val="$PPRDIR/../Lab2/Lab2.srcs/sources_1/imports/383/lab2_code_for_cadets/lab2_code_for_cadets/Audio_Codec_Wrapper.vhd"/>
        <Attr Name="ImportTime" Val="1739223462"/>
        <Attr Name="UsedIn" Val="synthesis"/>
        <Attr Name="UsedIn" Val="simulation"/>
      </FileInfo>
    </File>
    <File Path="$PSRCDIR/sources_1/imports/lab2_code_for_cadets/i2s_ctl.vhd">
      <FileInfo>
        <Attr Name="ImportPath" Val="$PPRDIR/../Lab2/Lab2.srcs/sources_1/imports/383/lab2_code_for_cadets/lab2_code_for_cadets/i2s_ctl.vhd"/>
        <Attr Name="ImportTime" Val="1739223462"/>
        <Attr Name="UsedIn" Val="synthesis"/>
        <Attr Name="UsedIn" Val="simulation"/>
      </FileInfo>
    </File>
    <File Path="$PSRCDIR/sources_1/imports/lab2_code_for_cadets/TWICtl.vhd">
      <FileInfo>
        <Attr Name="ImportPath" Val="$PPRDIR/../lab2_code_for_cadets/lab2_code_for_cadets/TWICtl.vhd"/>
        <Attr Name="ImportTime" Val="1739223463"/>
        <Attr Name="UsedIn" Val="synthesis"/>
        <Attr Name="UsedIn" Val="simulation"/>
      </FileInfo>
    </File>
    <Config>
      <Option Name="DesignMode" Val="RTL"/>
      <Option Name="TopModule" Val="Lab4"/>
      <Option Name="TopAutoSet" Val="TRUE"/>
    </Config>
  </FileSet>
  <FileSet Name="constrs_in" Type="Constrs" RelSrcDir="$PSRCDIR/constrs_1" RelGenDir="$PGENDIR/constrs_1">
    <Filter Type="Constrs"/>
    <File Path="$PSRCDIR/constrs_1/imports/lab2_code_for_cadets/Lab2.xdc">
      <FileInfo>
        <Attr Name="ImportPath" Val="$PPRDIR/../lab2_code_for_cadets/lab2_code_for_cadets/Lab2.xdc"/>
        <Attr Name="ImportTime" Val="1739223462"/>
        <Attr Name="UsedIn" Val="synthesis"/>
        <Attr Name="UsedIn" Val="implementation"/>
      </FileInfo>
    </File>
    <Config>
      <Option Name="ConstrsType" Val="XDC"/>
    </Config>
  </FileSet>
  <FileSet Name="utils" Type="Utils" RelSrcDir="$PSRCDIR/utils_1" RelGenDir="$PGENDIR/utils_1">
    <Filter Type="Utils"/>
    <File Path="$PSRCDIR/utils_1/imports/synth_1/Lab4.dcp">
      <FileInfo>
        <Attr Name="UsedIn" Val="synthesis"/>
        <Attr Name="UsedIn" Val="implementation"/>
        <Attr Name="UsedInSteps" Val="synth_1"/>
        <Attr Name="AutoDcp" Val="1"/>
      </FileInfo>
    </File>
    <Config>
      <Option Name="TopAutoSet" Val="TRUE"/>
    </Config>
  </FileSet>
  <Strategy Version="1" Minor="2">
    <StratHandle Name="Vivado Implementation Defaults" Flow="Vivado Implementation 2024"/>
    <Step Id="init_design"/>
    <Step Id="opt_design"/>
    <Step Id="power_opt_design"/>
    <Step Id="place_design"/>
    <Step Id="post_place_power_opt_design"/>
    <Step Id="phys_opt_design"/>
    <Step Id="route_design"/>
    <Step Id="post_route_phys_opt_design"/>
    <Step Id="write_bitstream"/>
  </Strategy>
  <BlockFileSet Type="BlockSrcs" Name="clk_wiz_0"/>
</GenRun>
